Année;Zone;Région;Numéro;Département;Catégorie;Feux d'habitations-bureaux;dont feux de cheminées;Feux d'ERP avec local à sommeil;Feux d'ERP sans local à sommeil;Feux de locaux industriels;Feux de locaux artisanaux;Feux de locaux agricoles;Feux sur voie publique;Feux de véhicules;Feux de végétations;Autres feux;Incendies;Accidents sur lieux de travail;Accidents à domicile;Accidents de sport;Accidents sur voie publique;Accidents en montagne;Malaises sur lieux de travail;Malaises à domicile : urgence vitale;Malaises à domicile : carence;Malaises en sport;Malaises sur voie publique;Autolyses;Noyades en piscines ou eaux intérieures;Noyades en mer;Intoxications;dont intoxications au CO;Secours à victimes;Relevage de personnes;Recherche de personnes;Aides à personnes;Secours à personnes;Accidents routiers;Accidents ferroviaires;Accidents aériens;Accidents de navigation;Accidents de téléportage;Accidents de circulation;fuites de gaz;Odeurs (autres que gaz);Fait dus à l'électricité;contaminations;Autres risques technologiques;Risques technologiques;Fuites d'eau;Inondations;Ouvertures de portes;Recherches d'objets;Bruits suspects;Protection des biens;Fausses alertes;dont Téléalarmes;Faits d'animaux (hors hyménoptères);Hyménoptères;Dégagements de voies publiques;Nettoyages de voies publiques;Eboulements;Déposes d'objets;surveillances;Engins explosifs;Autres opération diverse;Divers;Opérations diverses;Total interventions
2008;Sud-est;PACA;BMPM;Bouches-du-Rhône;;954;42;33;185;83;4;0;1 792;1 850;927;10;5 838;2 482;8 960;979;9 644;52;1 472;5 797;17 333;176;14 025;2 179;18;48;711;41;63 876;9 894;2 354;12 248;76 124;6 408;8;0;129;0;6 545;946;166;882;20;0;2 014;1 373;165;3 928;121;16;5 603;3 906;344;179;223;155;475;32;927;940;48;1 018;7 903;13 506;104 027
2008;Île-de-France;Île-de-France;BSPP;Paris;;5 628;119;181;852;240;0;15;7 614;2 810;106;332;17 778;31 173;25 932;8 957;43 652;0;46 343;92 925;0;1 200;62 280;26;102;0;14 652;132;327 242;15 190;4 523;19 713;346 955;25 593;61;0;36;0;25 690;3 187;55;1 428;95;0;4 765;5 718;3 738;87;3 204;245;12 992;15 281;30;1 556;674;33;654;93;1 469;123;5;51 550;71 438;84 430;479 618
2008;Sud-est;Rhône-Alpes;1;Ain;2;657;454;6;5;29;3;32;188;429;219;334;1 902;709;6 823;749;6 548;0;6;1 761;2 622;0;0;62;33;0;18;6;19 331;1 074;31;1 105;20 436;2 677;9;0;0;0;2 686;144;256;0;49;0;449;0;1 717;0;174;0;1 891;62;0;403;1 792;0;269;6;258;67;0;1 143;4 000;5 891;31 364
2008;Nord;Picardie;2;Aisne;2;987;517;35;19;69;0;42;561;547;294;0;2 554;507;6 368;551;1 356;0;348;6 981;3 257;0;2 730;1 174;36;0;20;0;23 328;1 736;5;1 741;25 069;2 259;4;1;0;0;2 264;282;0;0;0;0;282;597;325;0;512;0;1 434;0;0;546;401;211;18;9;151;0;0;260;1 596;3 030;33 199
2008;Sud-est;Auvergne;3;Allier;3;659;414;5;48;12;20;34;94;201;62;358;1 493;562;1 565;425;1 733;3;0;5 224;1 474;0;2 331;690;20;0;23;16;14 050;1 999;0;1 999;16 049;1 877;0;2;1;0;1 880;142;95;0;22;0;259;110;5;12;253;0;380;0;0;1 062;1 984;157;172;1;70;119;0;1 484;5 049;5 429;25 110
2008;Sud;PACA;4;Alpes-de-Haute-Provence;5;207;158;1;5;3;4;11;273;96;263;130;993;148;538;196;729;142;60;2 160;232;18;1 244;81;3;0;147;4;5 698;8;24;32;5 730;1 074;0;0;0;0;1 074;78;0;4;2;0;84;0;262;23;93;1;379;431;0;153;158;53;23;5;132;203;1;252;1 411;1 790;9 671
2008;Sud;PACA;5;Hautes-Alpes;5;272;168;0;21;2;0;8;76;93;237;44;753;220;273;475;1 205;28;88;1 354;352;0;1 416;145;7;0;12;1;5 575;231;8;239;5 814;721;2;2;1;0;726;47;13;6;5;0;71;197;18;78;293;0;586;0;0;138;97;22;5;1;0;356;0;75;694;1 280;8 644
2008;Sud;PACA;6;Alpes-Maritimes;1;975;199;50;83;43;0;0;993;967;981;1 028;5 120;3 749;11 962;2 192;14 952;15;1;52;18 328;0;20 432;2 400;20;97;276;29;74 476;219;1 169;1 388;75 864;9 259;10;1;4;0;9 274;395;924;356;130;31;1 836;1 618;1 411;0;1 045;208;4 282;3 934;0;1 529;636;1 510;1 242;270;0;958;9;4 634;14 722;19 004;111 098
2008;Sud-est;Rhône-Alpes;7;Ardèche;3;596;301;7;10;38;10;21;210;203;490;101;1 686;4;45;14;2;0;0;268;458;0;13 546;426;7;0;19;2;14 789;8;25;33;14 822;1 306;0;1;4;0;1 311;148;21;0;67;0;236;68;1 142;0;69;0;1 279;738;0;231;302;207;25;23;0;421;1;1 756;3 704;4 983;23 038
2008;Est;Champagne-Ardenne;8;Ardennes;4;721;419;1;12;92;1;17;477;316;67;10;1 714;82;782;0;1 209;0;74;1 684;1 638;0;2 083;105;37;0;21;19;7 715;5;12;17;7 732;1 077;0;1;0;0;1 078;132;112;0;20;1;265;198;83;6;34;0;321;470;0;287;201;39;6;5;62;319;5;430;1 824;2 145;12 934
2008;Sud-ouest;Midi-Pyrénées;9;Ariège;5;452;264;0;10;10;9;29;79;101;528;96;1 314;309;798;241;2 174;69;0;1 360;250;0;795;224;9;0;0;0;6 229;0;6;6;6 235;840;3;0;2;0;845;93;5;0;15;0;113;0;133;0;41;0;174;28;0;137;154;116;81;6;47;126;0;0;695;869;9 376
2008;Est;Champagne-Ardenne;10;Aube;4;496;329;6;15;19;2;17;144;187;143;323;1 352;820;168;269;676;0;158;1 382;1 460;13;2 335;158;15;0;19;19;7 473;37;4;41;7 514;1 349;0;2;0;0;1 351;149;67;7;16;0;239;352;49;3;239;0;643;10;3;235;700;20;11;4;33;17;1;121;1 152;1 795;12 251
2008;Sud;Languedoc-Roussillon;11;Aude;3;818;395;3;20;41;4;24;237;325;1 977;496;3 945;477;2 819;438;2 400;11;147;6 877;5 594;0;2 093;0;14;16;349;25;21 235;431;41;472;21 707;2 608;5;12;28;24;2 677;70;164;0;68;76;378;109;107;126;114;0;456;89;52;395;776;99;188;28;207;1 626;19;652;4 079;4 535;33 242
2008;Sud-ouest;Midi-Pyrénées;12;Aveyron;4;357;277;2;6;7;0;37;78;121;183;175;966;231;1 117;292;1 304;12;52;1 733;431;216;1 596;149;3;0;29;4;7 165;399;263;662;7 827;1 086;0;1;0;0;1 087;70;61;56;9;0;196;64;134;6;46;0;250;1;0;133;123;9;1;5;62;29;1;186;550;800;10 876
2008;Sud;PACA;13;Bouches-du-Rhône;1;1 409;394;43;250;162;38;20;2 029;1 727;3 142;0;8 820;3 784;13 362;2 906;9 730;125;2 094;15 611;10 407;371;13 401;105;65;12;1 996;30;73 969;1 229;223;1 452;75 421;8 580;12;30;67;0;8 689;512;448;163;180;0;1 303;1 461;913;0;1 002;0;3 376;8 192;90;2 176;1 524;609;51;121;661;1 358;35;5 333;20 060;23 436;117 669
2008;Ouest;Basse-Normandie;14;Calvados;2;1 010;528;3;36;73;22;47;614;498;335;229;2 867;889;1 553;5;4 518;0;496;4 444;5 199;30;5 983;567;11;6;6;6;23 707;85;1 424;1 509;25 216;2 988;1;0;53;0;3 042;267;321;80;52;0;720;945;309;0;216;0;1 470;1 539;1 539;419;6 100;126;29;8;290;0;0;0;8 511;9 981;41 826
2008;Sud-est;Auvergne;15;Cantal;5;322;268;4;1;2;0;30;3;66;112;172;712;163;573;223;650;3;0;1 158;396;0;1 272;66;3;0;43;2;4 550;199;1;200;4 750;608;2;0;0;0;610;27;43;0;7;0;77;0;166;1;0;0;167;7;7;43;74;0;0;3;0;7;0;260;394;561;6 710
2008;Sud-ouest;Poitou-Charentes;16;Charente;3;619;382;13;23;40;0;48;47;469;168;111;1 538;639;92;464;2 826;0;0;4 705;171;0;0;0;37;0;34;34;8 968;13;0;13;8 981;1 634;4;1;0;0;1 639;173;0;0;25;0;198;400;7;2;9;0;418;0;0;734;951;156;0;1;34;0;0;532;2 408;2 826;15 182
2008;Sud-ouest;Poitou-Charentes;17;Charente-Maritime;2;893;418;32;45;28;21;56;153;470;628;799;3 125;1 253;2 898;1 081;4 006;0;559;5 122;3 807;19;5 883;1 085;18;58;82;20;25 871;700;341;1 041;26 912;4 496;7;7;137;0;4 647;253;220;89;144;9;715;209;633;16;150;8;1 016;225;177;1 348;663;174;72;8;171;298;13;2 535;5 507;6 523;41 922
2008;Ouest;Centre;18;Cher;3;662;430;28;50;30;0;50;122;265;145;171;1 523;566;2 468;470;1 126;0;197;5 796;3 664;0;1 717;629;30;0;24;24;16 687;969;20;989;17 676;1 668;2;2;1;0;1 673;132;106;54;44;4;340;467;212;0;55;0;734;257;182;589;2 669;471;89;4;96;83;4;852;5 114;5 848;27 060
2008;Sud-ouest;Limousin;19;Corrèze;4;460;318;9;11;16;12;27;117;125;170;87;1 034;319;1 494;311;655;0;170;998;450;32;1 622;256;9;0;2;0;6 318;76;19;95;6 413;1 243;0;6;0;0;1 249;73;42;0;9;2;126;90;219;2;89;0;400;3;3;234;332;99;0;3;0;96;1;200;968;1 368;10 190
2008;Est;Bourgogne;21;Côte-d'Or;3;953;537;16;36;48;2;20;236;428;230;292;2 261;218;350;235;2 337;0;24;3 258;1 832;0;1 488;173;6;0;69;39;9 990;1 155;6;1 161;11 151;2 410;13;6;1;0;2 430;311;197;25;69;0;602;540;1 259;9;0;0;1 808;8;0;242;1 928;61;3;14;328;52;1;910;3 547;5 355;21 799
2008;Ouest;Bretagne;22;Côtes-d'Armor;3;776;470;6;28;30;17;65;177;280;291;325;1 995;743;731;503;3 588;0;400;7 290;7 133;125;1 344;1 053;18;6;384;5;23 318;1 347;28;1 375;24 693;2 485;3;3;8;0;2 499;139;55;149;52;0;395;231;626;21;149;6;1 033;25;0;275;237;177;80;13;200;0;0;557;1 564;2 597;32 179
2008;Sud-ouest;Limousin;23;Creuse;5;341;301;0;1;0;6;28;41;66;83;50;616;50;105;170;837;0;56;150;132;51;1 683;173;4;0;7;2;3 418;458;0;458;3 876;565;0;1;0;0;566;40;14;0;12;4;70;80;174;3;23;0;280;0;0;100;376;22;0;2;35;0;0;102;637;917;6 045
2008;Sud-ouest;Aquitaine;24;Dordogne;3;708;211;4;5;369;0;25;92;259;333;52;1 847;509;1 130;409;1 462;1;228;3 850;955;0;2 241;0;46;0;276;11;11 107;1 574;24;1 598;12 705;2 274;2;5;0;0;2 281;251;391;1;51;0;694;109;719;0;200;0;1 028;14;0;558;615;369;180;1;50;9;4;65;1 865;2 893;20 420
2008;Est;Franche-Comté;25;Doubs;2;1 260;698;2;33;64;40;43;437;407;160;272;2 718;189;3 271;440;6 074;0;132;3 701;23;38;1 482;519;18;0;300;8;16 187;670;15;685;16 872;2 196;3;2;2;0;2 203;441;0;56;34;0;531;498;115;9;480;0;1 102;5;0;1 100;3 214;52;101;11;0;0;0;0;4 483;5 585;27 909
2008;Sud-est;Rhône-Alpes;26;Drôme;2;579;276;15;30;64;0;52;407;728;425;622;2 922;1 183;555;1 020;4 115;62;0;5 178;830;0;3 820;197;15;0;0;0;16 975;480;30;510;17 485;2 272;1;8;1;0;2 282;250;93;0;9;0;352;190;2 490;26;78;0;2 784;86;0;323;766;127;0;23;174;34;0;1 603;3 136;5 920;28 961
2008;Ouest;Haute-Normandie;27;Eure;3;1 124;552;11;50;60;22;41;653;577;599;59;3 196;0;0;0;8 719;0;0;10 394;3 095;0;2 956;0;2;0;57;44;25 223;1 011;0;1 011;26 234;3 088;1;1;0;0;3 090;296;239;0;23;0;558;716;0;0;1 547;0;2 263;0;0;360;2 301;446;0;2;33;4;0;87;3 233;5 496;38 574
2008;Ouest;Centre;28;Eure-et-Loir;3;756;371;0;69;74;0;28;294;420;448;0;2 089;448;1 009;331;0;0;419;6 779;582;277;5 711;0;14;0;0;0;15 570;58;3;61;15 631;2 770;9;2;0;0;2 781;0;277;18;48;0;343;201;171;0;55;0;427;81;0;204;312;7;0;4;87;63;0;62;820;1 247;22 091
2008;Ouest;Bretagne;29;Finistère;2;1 066;436;10;28;13;4;54;731;467;452;430;3 255;932;7 309;0;7 955;0;0;2 871;5 841;0;6 235;0;0;28;55;45;31 226;1 594;18;1 612;32 838;3 416;0;2;0;0;3 418;319;158;246;26;0;749;249;1 258;566;740;0;2 813;302;302;849;1 544;1 090;70;5;0;0;0;671;4 531;7 344;47 604
2008;Sud;Corse;2a;Corse-du-Sud;4;483;137;4;8;42;3;3;218;233;714;539;2 247;21;5 353;32;1 465;61;0;53;444;0;31;166;15;64;13;13;7 718;176;68;244;7 962;1 024;2;2;42;0;1 070;117;46;23;0;0;186;61;492;49;738;1;1 341;22;22;209;342;81;12;80;37;243;33;155;1 214;2 555;14 020
2008;Sud;Corse;2b;Haute-Corse;4;200;97;5;15;18;0;0;245;214;190;1 009;1 896;0;14;38;2 902;100;0;603;2 056;0;0;158;0;127;7;2;6 005;80;24;104;6 109;1 247;0;1;3;0;1 251;5;125;0;14;0;144;20;525;1;45;0;591;467;0;143;640;99;177;58;38;75;9;1 081;2 787;3 378;12 778
2008;Sud;Languedoc-Roussillon;30;Gard;2;594;207;15;52;60;0;20;455;1 181;1 738;737;4 852;1 039;0;973;11 707;408;0;18 147;2 098;0;0;1 339;26;6;44;13;35 787;1 978;13;1 991;37 778;4 065;15;7;9;0;4 096;384;194;21;30;0;629;255;487;105;2 014;2;2 863;124;123;1 037;338;321;1;9;0;221;17;1 309;3 377;6 240;53 595
2008;Sud-ouest;Midi-Pyrénées;31;Haute-Garonne;2;816;400;5;73;50;0;28;770;1 948;742;1 023;5 455;1 048;90;1 045;2 568;21;0;1 116;6 373;0;10 287;765;67;0;101;77;23 481;374;9;383;23 864;5 019;1;11;0;0;5 031;337;0;136;97;0;570;295;1 430;16;2 159;0;3 900;2;0;598;426;48;0;143;0;14;38;1 910;3 179;7 079;41 999
2008;Sud-ouest;Midi-Pyrénées;32;Gers;5;304;226;0;9;3;2;22;56;143;178;171;888;179;631;308;584;0;57;1 478;990;2;631;17;14;0;213;12;5 104;346;2;348;5 452;1 069;1;1;0;0;1 071;39;28;0;14;0;81;236;29;0;221;0;486;62;0;263;98;61;5;9;0;213;3;157;871;1 357;8 849
2008;Sud-ouest;Aquitaine;33;Gironde;1;1 861;526;335;0;59;0;0;909;1 125;410;1 139;5 838;1 962;6 516;0;9 691;0;0;24 297;0;0;16 294;2 295;76;48;126;114;61 305;3 890;32;3 922;65 227;6 839;0;2;76;0;6 917;955;273;547;55;0;1 830;2 302;5;52;116;21;2 496;303;303;729;192;89;7;52;258;272;4;581;2 487;4 983;84 795
2008;Sud;Languedoc-Roussillon;34;Hérault;1;651;269;0;66;56;0;0;815;1 214;2 893;941;6 636;877;4 975;874;5 895;12;226;13 410;1 207;0;10 344;1 202;12;107;336;20;39 477;2 123;59;2 182;41 659;5 381;1;7;16;0;5 405;720;128;174;53;421;1 496;651;206;12;1 139;0;2 008;13;0;1 280;1 162;395;0;9;0;455;0;2 366;5 680;7 688;62 884
2008;Ouest;Bretagne;35;Ille-et-Vilaine;1;1 533;638;20;140;102;0;116;555;572;363;85;3 486;1 755;14 543;883;10 102;0;295;1 963;885;50;2 371;378;16;10;382;0;33 633;629;201;830;34 463;3 531;3;1;27;0;3 562;286;0;0;70;0;356;774;714;25;1 142;0;2 655;80;52;239;491;206;30;22;0;468;2;1 450;2 988;5 643;47 510
2008;Ouest;Centre;36;Indre;4;424;298;2;22;14;1;20;66;150;151;170;1 020;204;1 098;358;803;0;90;517;51;15;1 095;129;14;0;12;9;4 386;452;4;456;4 842;1 142;0;4;0;0;1 146;64;88;45;28;0;225;807;1;0;88;2;898;96;0;217;1 772;200;8;2;2;1;0;411;2 709;3 607;10 840
2008;Ouest;Centre;37;Indre-et-Loire;3;952;456;0;70;32;3;31;413;456;280;251;2 488;1 593;3 397;722;3 715;0;710;2 177;2 558;119;5 901;529;35;0;17;9;21 473;1 731;4;1 735;23 208;2 877;0;0;0;0;2 877;274;76;0;31;0;381;347;583;62;361;0;1 353;0;0;216;0;195;1;8;0;0;0;671;1 091;2 444;31 398
2008;Sud-est;Rhône-Alpes;38;Isère;1;1 533;904;86;0;87;0;36;0;1 759;361;3 064;6 926;1 092;0;0;10 231;48;0;12 810;7 147;0;4 695;0;39;0;300;0;36 362;1 963;7;1 970;38 332;4 706;8;3;0;0;4 717;315;866;0;113;0;1 294;2 398;743;0;0;0;3 141;0;0;878;5 590;341;0;178;0;0;4;4 724;11 715;14 856;66 125
2008;Est;Franche-Comté;39;Jura;4;755;547;11;30;11;9;18;125;165;122;250;1 496;313;85;408;1 138;45;162;3 073;1 582;15;1 467;42;13;0;20;18;8 363;581;5;586;8 949;1 235;0;0;0;0;1 235;154;65;0;20;0;239;419;62;4;300;0;785;0;0;150;374;55;25;0;109;0;0;243;956;1 741;13 660
2008;Sud-ouest;Aquitaine;40;Landes;3;550;308;6;9;26;24;33;86;304;289;423;1 750;539;1 581;589;5 433;0;289;4 002;455;30;3 317;614;16;39;788;11;17 692;0;13;13;17 705;425;0;0;1;0;426;178;42;112;16;0;348;523;0;0;71;0;594;0;0;308;208;328;0;0;0;0;8;823;1 675;2 269;22 498
2008;Ouest;Centre;41;Loir-et-Cher;3;615;407;4;2;5;7;21;118;345;293;145;1 555;676;1 352;486;1 302;0;417;4 407;1 147;28;2 341;492;29;0;2;2;12 679;1 213;13;1 226;13 905;1 984;1;0;3;0;1 988;152;127;47;30;0;356;112;692;1;61;0;866;53;0;181;793;12;4;0;0;0;0;402;1 445;2 311;20 115
2008;Sud-est;Rhône-Alpes;42;Loire;2;743;461;1;38;43;4;21;293;939;350;1 500;3 932;919;9 066;400;2 205;0;200;7 602;520;320;3 107;1 488;6;0;40;8;25 873;500;17;517;26 390;2 765;4;1;0;0;2 770;522;365;0;116;0;1 003;150;2 436;8;1 419;0;4 013;150;92;531;5 006;600;220;54;500;834;0;1 066;8 961;12 974;47 069
2008;Sud-est;Auvergne;43;Haute-Loire;4;530;302;1;2;17;0;14;35;100;208;2;909;216;535;242;1 946;0;0;2 273;101;0;2 000;191;3;0;138;12;7 645;297;34;331;7 976;806;0;1;0;0;807;117;6;0;18;0;141;67;732;0;63;0;862;11;0;112;575;75;14;8;47;123;0;3 304;4 269;5 131;14 964
2008;Ouest;Pays de la Loire;44;Loire-Atlantique;1;1 408;540;45;104;91;20;61;501;1 175;527;1 799;5 731;1 802;6 687;1 662;5 626;0;914;10 443;1 091;0;8 942;1 049;31;19;251;49;38 517;1 298;58;1 356;39 873;5 632;15;2;46;0;5 695;405;132;59;167;0;763;900;655;3;926;7;2 491;575;80;195;2 620;144;0;65;86;0;3;290;3 978;6 469;58 531
2008;Ouest;Centre;45;Loiret;2;967;572;51;0;53;0;35;637;682;163;611;3 199;1 373;4 888;778;4 375;0;599;3 735;2 840;42;4 547;244;10;0;439;43;23 870;1 389;0;1 389;25 259;2 391;0;4;0;0;2 395;322;0;67;22;0;411;0;1 324;0;142;0;1 466;0;0;279;4 677;534;0;18;0;0;0;624;6 132;7 598;38 862
2008;Sud-ouest;Midi-Pyrénées;46;Lot;5;366;258;1;9;3;12;33;135;118;130;16;823;159;1 022;266;375;0;5;558;1 438;12;809;173;21;0;0;0;4 838;519;8;527;5 365;1 153;1;0;7;0;1 161;78;66;36;0;0;180;39;149;5;344;0;537;0;0;118;61;0;0;0;20;0;5;310;514;1 051;8 580
2008;Sud-ouest;Aquitaine;47;Lot-et-Garonne;4;454;298;2;36;21;0;24;96;244;213;454;1 544;363;1 835;405;1 830;0;175;5 096;357;349;2 167;224;14;0;496;30;13 311;667;14;681;13 992;1 985;3;0;6;0;1 994;127;114;70;19;0;330;360;34;20;73;0;487;0;0;278;311;97;2;6;36;0;0;378;1 108;1 595;19 455
2008;Sud;Languedoc-Roussillon;48;Lozère;5;189;144;2;6;0;0;7;14;46;106;128;498;28;375;119;581;0;2;1 017;0;0;750;5;0;0;9;8;2 886;59;21;80;2 966;387;0;0;0;0;387;18;2;13;9;0;42;18;71;0;13;0;102;15;12;35;156;0;0;4;34;40;0;393;677;779;4 672
2008;Ouest;Pays de la Loire;49;Maine-et-Loire;2;925;484;42;0;108;0;58;277;529;355;444;2 738;458;858;0;4 230;0;194;3 475;2 118;0;4 608;114;41;0;533;14;16 629;1 760;6;1 766;18 395;3 130;14;3;17;0;3 164;232;204;164;44;0;644;988;3;143;1 738;0;2 872;134;134;769;241;424;22;9;171;3;5;175;1 953;4 825;29 766
2008;Ouest;Basse-Normandie;50;Manche;3;937;522;0;29;52;0;46;300;251;202;255;2 072;656;3 406;661;2 561;0;308;8 157;957;34;2 572;1 343;8;54;22;20;20 739;2 597;74;2 671;23 410;2 375;1;1;4;0;2 381;136;58;28;65;6;293;338;350;20;119;4;831;0;0;352;561;282;18;134;172;235;11;192;1 957;2 788;30 944
2008;Est;Champagne-Ardenne;51;Marne;3;1 298;414;11;46;94;0;69;860;719;379;513;3 989;876;816;339;3 264;0;438;2 622;2 313;32;4 115;310;19;0;27;27;15 171;1 307;16;1 323;16 494;2 461;4;1;0;0;2 466;242;410;69;81;54;856;724;124;0;135;0;983;34;34;881;1 646;30;27;13;160;110;0;1 136;4 037;5 020;28 825
2008;Est;Champagne-Ardenne;52;Haute-Marne;4;537;368;5;22;73;2;17;141;196;81;142;1 216;62;1 130;42;1 490;0;30;1 894;1 190;8;295;143;6;0;119;2;6 409;103;5;108;6 517;879;5;0;0;0;884;39;24;9;30;11;113;167;322;0;252;0;741;0;0;113;1 337;0;8;1;62;79;0;0;1 600;2 341;11 071
2008;Ouest;Pays de la Loire;53;Mayenne;4;343;258;4;4;9;5;35;0;134;116;255;905;380;577;301;414;0;0;4 579;0;0;2 716;44;36;0;454;9;9 501;146;4;150;9 651;1 129;0;1;1;0;1 131;101;0;0;19;0;120;104;228;0;43;0;375;359;0;139;2 282;0;0;15;0;10;0;723;3 528;3 903;15 710
2008;Est;Lorraine;54;Meurthe-et-Moselle;2;793;330;5;91;26;9;33;810;544;324;544;3 179;657;1 441;377;2 988;0;535;3 547;6 749;36;4 126;931;19;0;282;4;21 688;2 290;70;2 360;24 048;2 846;6;3;5;0;2 860;449;337;49;68;12;915;1 024;248;23;595;35;1 925;193;0;371;654;74;41;10;213;0;0;1 770;3 326;5 251;36 253
2008;Est;Lorraine;55;Meuse;5;398;309;2;1;35;5;5;86;214;105;136;987;89;1 958;51;698;0;1;1 633;706;0;120;0;13;0;324;10;5 593;165;6;171;5 764;788;2;4;2;0;796;82;42;32;13;4;173;140;101;3;137;241;622;17;0;95;130;12;0;8;0;2;29;216;509;1 131;8 851
2008;Ouest;Bretagne;56;Morbihan;2;956;498;29;55;49;0;67;0;367;330;742;2 595;1 362;0;0;10 273;0;0;13 245;1 915;0;0;0;36;97;0;0;26 928;1 153;25;1 178;28 106;2 990;5;4;114;0;3 113;197;0;0;54;0;251;0;1 125;208;413;0;1 746;0;0;506;647;0;0;7;489;0;0;793;2 442;4 188;38 253
2008;Est;Lorraine;57;Moselle;1;1 491;813;17;84;61;0;104;923;1 036;652;786;5 154;4 250;0;0;11 066;0;0;4 716;10 809;0;12 330;696;35;0;4 055;111;47 957;0;0;0;47 957;3 785;22;6;8;0;3 821;811;196;92;204;0;1 303;1 540;39;0;534;0;2 113;676;41;835;1 409;0;0;21;375;685;5;0;4 006;6 119;64 354
2008;Est;Bourgogne;58;Nièvre;4;685;348;8;27;16;26;21;125;125;100;15;1 148;329;2 207;295;2 644;0;25;1 950;892;127;1 875;154;3;0;5;2;10 506;276;8;284;10 790;1 042;2;0;2;0;1 046;55;45;23;14;16;153;142;249;4;220;0;615;356;331;129;677;21;5;2;22;78;1;594;1 885;2 500;15 637
2008;Nord;Nord - Pas-de-Calais;59;Nord;1;2 840;1 027;130;243;221;131;145;3 813;3 634;927;981;13 065;3 406;10 272;2 133;15 295;0;1 925;25 539;4 417;130;20 717;3 375;177;8;447;324;87 841;288;160;448;88 289;8 161;45;6;4;0;8 216;1 195;1 173;317;211;3 470;6 366;889;2 648;77;4 256;2;7 872;924;298;1 064;1 597;960;132;314;2 758;10;137;0;7 896;15 768;131 704
2008;Nord;Picardie;60;Oise;2;916;545;2;8;51;0;20;396;1 128;377;1 194;4 092;1 688;7 453;1 063;10 267;0;347;2 877;10 001;22;4 471;2 907;21;0;124;22;41 241;512;0;512;41 753;4 131;22;2;0;0;4 155;167;381;0;55;0;603;519;674;0;193;0;1 386;46;0;1 778;5 292;436;214;5;122;178;0;2 147;10 218;11 604;62 207
2008;Ouest;Basse-Normandie;61;Orne;4;607;378;12;20;46;7;36;140;198;199;171;1 436;370;707;126;712;0;182;3 137;1 368;0;1 641;212;11;0;165;16;8 631;11;0;11;8 642;1 483;1;1;0;0;1 485;121;0;78;27;0;226;136;161;0;48;0;345;0;0;113;119;68;0;0;63;26;0;333;722;1 067;12 856
2008;Nord;Nord - Pas-de-Calais;62;Pas-de-Calais;1;1 631;850;33;70;97;18;70;811;1 167;955;2 261;7 113;2 517;10 103;1 472;8 720;0;1 864;28 768;1 665;216;11 246;6 593;125;51;513;201;73 853;2 502;113;2 615;76 468;6 171;19;10;1;0;6 201;808;302;186;101;169;1 566;352;829;41;700;0;1 922;1 584;146;111;948;141;42;140;393;0;232;3 692;7 283;9 205;100 553
2008;Sud-est;Auvergne;63;Puy-de-Dôme;2;713;527;0;23;37;0;28;238;352;218;894;2 503;1 151;3 353;930;2 365;6;65;5 528;524;0;6 540;843;13;0;177;28;21 495;3 103;14;3 117;24 612;2 806;10;3;0;0;2 819;220;284;0;19;0;523;47;1 314;0;1 281;0;2 642;0;0;463;3 547;629;19;338;1;240;5;416;5 658;8 300;38 757
2008;Sud-ouest;Aquitaine;64;Pyrénées-Atlantiques;2;908;324;0;90;53;0;80;402;466;479;255;2 733;1 001;1 127;317;4 702;72;600;3 606;587;0;6 004;702;100;25;53;37;18 896;2 326;78;2 404;21 300;3 591;1;0;20;0;3 612;319;354;0;40;0;713;0;2 058;259;1 697;0;4 014;826;66;578;2 464;885;248;25;0;60;126;1 556;6 768;10 782;39 140
2008;Sud-ouest;Midi-Pyrénées;65;Hautes-Pyrénées;4;372;154;11;29;47;0;16;146;163;338;0;1 122;289;1 539;568;2 044;37;60;829;1 808;3;3 942;250;5;0;32;0;11 406;497;2;499;11 905;2 560;1;3;0;0;2 564;240;36;0;17;17;310;27;54;63;341;0;485;660;660;245;137;10;0;9;0;282;1;0;1 344;1 829;17 730
2008;Sud;Languedoc-Roussillon;66;Pyrénées-Orientales;3;1 051;200;46;10;109;0;22;270;690;2 400;203;4 801;738;1 692;396;5 518;118;240;1 237;825;396;5 412;43;21;29;154;27;16 819;1 476;82;1 558;18 377;2 715;8;5;0;0;2 728;267;139;89;99;0;594;376;1;31;1 853;0;2 261;926;318;586;652;69;3;13;310;80;18;25;2 682;4 943;31 443
2008;Est;Alsace;67;Bas-Rhin;1;1 766;646;17;170;121;0;63;2 533;1 402;631;0;6 703;190;1 642;115;3 925;3;210;4 865;874;0;6 918;74;19;0;688;0;19 523;1 758;84;1 842;21 365;3 680;23;0;1;0;3 704;291;216;0;77;0;584;1 473;822;0;1 653;0;3 948;0;0;1 784;5 600;720;0;0;0;0;0;553;8 657;12 605;44 961
2008;Est;Alsace;68;Haut-Rhin;2;985;512;9;15;25;10;16;786;720;381;797;3 744;416;320;521;3 738;112;23;6 661;1 285;152;5 650;89;17;0;38;26;19 022;37;26;63;19 085;3 388;4;1;0;0;3 393;427;157;0;30;0;614;1 811;759;11;940;0;3 521;229;84;2 136;3 351;465;869;0;0;532;22;340;7 944;11 465;38 301
2008;Sud-est;Rhône-Alpes;69;Rhône;1;1 233;322;32;166;215;0;18;1 800;2 199;437;1 080;7 180;493;6 958;265;17 547;0;141;30 389;1 544;13;1 051;108;131;0;2 780;7;61 420;13;18;31;61 451;5 877;254;55;7;0;6 193;2 095;24;0;88;0;2 207;151;3 607;61;898;0;4 717;130;0;40;1 600;427;1 228;113;369;316;6;2 426;6 655;11 372;88 403
2008;Est;Franche-Comté;70;Haute-Saône;5;921;736;5;5;10;0;25;0;169;110;381;1 626;369;895;320;890;0;0;3 294;2 083;0;1 691;57;0;0;9;8;9 608;58;9;67;9 675;1 402;0;0;3;0;1 405;96;34;0;39;0;169;301;554;4;13;0;872;11;0;247;1 591;0;0;6;88;0;0;224;2 167;3 039;15 914
2008;Est;Bourgogne;71;Saône-et-Loire;2;849;556;9;49;77;10;137;336;492;390;490;2 839;1 732;2 533;1 560;1 858;0;0;1 631;1 627;185;3 806;0;0;0;21;12;14 953;884;5;889;15 842;2 823;0;1;0;0;2 824;175;357;43;61;0;636;1 141;218;11;89;0;1 459;36;0;453;1 041;56;0;1;169;1;1;0;1 758;3 217;25 358
2008;Ouest;Pays de la Loire;72;Sarthe;3;738;484;41;2;32;0;59;175;362;283;597;2 289;183;563;119;1 738;0;111;4 251;162;12;3 027;244;54;0;116;25;10 580;1 487;7;1 494;12 074;2 256;4;2;0;0;2 262;173;0;0;34;0;207;369;413;0;105;0;887;77;0;323;7 097;83;0;7;0;156;1;713;8 457;9 344;26 176
2008;Sud-est;Rhône-Alpes;73;Savoie;2;620;389;20;48;39;0;20;276;325;162;398;1 908;1 174;512;1 121;1 399;146;0;7 783;1 084;0;6 912;816;1;0;23;1;20 971;778;30;808;21 779;1 861;11;3;0;0;1 875;245;98;0;52;9;404;55;617;8;116;0;796;266;70;373;176;101;8;6;0;362;3;614;1 909;2 705;28 671
2008;Sud-est;Rhône-Alpes;74;Haute-Savoie;2;1 457;620;8;133;176;0;28;445;526;365;78;3 216;904;10 050;133;3 952;653;658;3 456;974;0;9 088;1 282;26;0;57;31;31 233;498;12;510;31 743;3 808;13;6;41;0;3 868;166;453;0;103;352;1 074;946;490;0;241;47;1 724;402;0;1 642;221;367;284;2;151;131;0;654;3 854;5 578;45 479
2008;Ouest;Haute-Normandie;76;Seine-Maritime;1;2 055;654;175;0;107;39;65;2 052;1 763;473;270;6 999;1 847;4 527;0;6 949;0;0;6 594;4 889;0;12 284;154;80;98;113;113;37 535;1 207;9;1 216;38 751;4 823;8;3;0;0;4 834;877;337;0;314;0;1 528;0;2 471;0;1 522;0;3 993;41;5;1 303;7 430;1 098;0;20;0;57;4;5 116;15 069;19 062;71 174
2008;Île-de-France;Île-de-France;77;Seine-et-Marne;1;1 713;685;31;109;60;0;32;1 677;1 559;479;575;6 235;0;0;0;64 031;0;0;0;789;0;0;146;63;0;2 866;0;67 895;1 719;27;1 746;69 641;5 420;9;5;9;0;5 443;262;603;103;103;0;1 071;1 587;0;0;2 989;0;4 576;0;0;613;4 382;58;0;18;127;0;4;515;5 717;10 293;92 683
2008;Île-de-France;Île-de-France;78;Yvelines;1;1 539;370;4;105;107;3;15;845;1 837;570;1 053;6 078;35;14 434;0;13 512;0;2 041;21 394;457;0;15 976;2 031;47;0;1 185;36;71 112;5 872;102;5 974;77 086;5 162;8;1;22;0;5 193;605;484;53;115;0;1 257;2 292;97;405;2 248;0;5 042;400;0;1 030;795;21;135;31;62;1;27;3 592;6 094;11 136;100 750
2008;Sud-ouest;Poitou-Charentes;79;Deux-Sèvres;3;434;265;4;21;15;7;62;78;181;192;267;1 261;542;1 912;250;1 510;0;458;2 817;539;0;2 071;52;21;0;340;0;10 512;545;532;1 077;11 589;1 947;1;0;0;0;1 948;201;7;0;30;15;253;269;283;5;4;0;561;54;47;274;997;76;5;6;37;17;2;281;1 749;2 310;17 361
2008;Nord;Picardie;80;Somme;2;1 063;482;41;36;88;19;81;545;665;313;804;3 655;520;2 295;380;3 271;0;171;5 592;2 675;116;6 920;222;43;23;147;79;22 375;1 065;56;1 121;23 496;2 829;3;1;1;0;2 834;375;53;89;73;0;590;188;1 191;47;801;16;2 243;247;37;216;1 340;68;22;48;236;11;14;392;2 594;4 837;35 412
2008;Sud-ouest;Midi-Pyrénées;81;Tarn;3;500;282;9;21;22;6;23;166;231;236;299;1 513;520;3 186;688;1 708;0;191;2 269;3 835;21;1 914;110;15;0;31;8;14 488;522;8;530;15 018;2 039;1;3;0;0;2 043;136;83;38;18;0;275;224;203;3;167;6;603;372;10;845;0;12;1;4;37;110;0;207;1 588;2 191;21 040
2008;Sud-ouest;Midi-Pyrénées;82;Tarn-et-Garonne;4;274;176;1;1;8;0;15;71;204;237;278;1 089;270;1 212;298;220;0;142;2 465;3 034;19;1 859;225;17;0;405;3;10 166;580;6;586;10 752;1 432;0;1;1;0;1 434;68;62;2;7;0;139;130;1;3;32;3;169;5;2;227;62;31;6;1;6;118;3;313;772;941;14 355
2008;Sud;PACA;83;Var;1;721;0;24;45;174;1;59;1 975;1 121;1 883;9;6 012;2 097;9 724;41;15 091;59;699;13 321;2 031;0;13 552;69;101;50;1 344;35;58 179;0;88;88;58 267;8 489;7;12;52;0;8 560;315;0;0;106;0;421;1 172;945;12;4 951;0;7 080;1 041;0;2 233;0;1 881;537;81;2;900;84;6 951;13 710;20 790;94 050
2008;Sud;PACA;84;Vaucluse;2;597;297;36;36;67;3;4;692;1 000;1 244;526;4 205;1 499;4 434;1 289;3 955;29;624;11 897;325;0;5 801;931;14;0;207;31;31 005;0;26;26;31 031;3 771;6;9;8;0;3 794;342;333;180;18;7;880;378;1 081;0;166;0;1 625;0;0;1 367;1 797;1 026;392;15;0;451;3;1 440;6 491;8 116;48 026
2008;Ouest;Pays de la Loire;85;Vendée;3;569;350;8;6;1;19;63;82;317;243;529;1 837;520;2 344;0;3 127;0;206;7 464;1 892;0;3 509;1 082;35;126;211;11;20 516;1 953;2;1 955;22 471;3 373;0;1;1;0;3 375;156;171;0;25;3;355;464;57;0;80;0;601;0;0;376;51;365;0;0;0;0;4;677;1 473;2 074;30 112
2008;Sud-ouest;Poitou-Charentes;86;Vienne;4;711;384;19;65;48;0;36;108;258;145;350;1 740;346;0;614;4 831;0;0;1 542;1 789;0;0;0;25;0;29;29;9 176;4;0;4;9 180;2 092;1;0;0;0;2 093;207;0;0;31;0;238;0;806;0;0;0;806;0;0;500;0;215;91;1;0;0;0;695;1 502;2 308;15 559
2008;Sud-ouest;Limousin;87;Haute-Vienne;4;558;455;0;1;58;0;19;4;221;103;427;1 391;579;954;472;1 946;0;0;2 579;340;0;2 121;198;1;0;7;7;9 197;941;654;1 595;10 792;1 354;0;2;0;0;1 356;102;141;0;25;0;268;407;151;0;820;0;1 378;30;0;153;288;38;3;0;83;22;2;231;850;2 228;16 035
2008;Est;Lorraine;88;Vosges;3;1 126;732;8;69;17;4;12;111;231;209;335;2 122;53;1 102;0;2 131;5;181;4 830;1 486;0;2 211;501;15;0;19;19;12 534;304;12;316;12 850;2 168;6;1;0;0;2 175;81;194;0;58;0;333;962;0;0;95;0;1 057;0;0;760;1 342;360;135;3;139;3;0;590;3 332;4 389;21 869
2008;Est;Bourgogne;89;Yonne;3;902;470;26;21;28;6;33;0;370;223;476;2 085;917;1 246;359;2 445;8;428;5 300;1 325;10;3 202;0;16;0;10;7;15 266;1 226;19;1 245;16 511;1 698;9;3;14;229;1 953;116;0;9;33;0;158;284;166;9;26;0;485;0;0;239;2 519;222;0;4;54;23;3;170;3 234;3 719;24 426
2008;Est;Franche-Comté;90;Territoire-de-Belfort;5;326;143;5;14;13;0;26;256;180;54;20;894;371;0;47;1 298;2;15;375;203;0;1 826;46;5;0;36;4;4 224;162;1;163;4 387;606;0;2;0;0;608;128;56;36;27;10;257;200;63;51;362;0;676;19;0;271;176;35;12;0;0;0;0;74;587;1 263;7 409
2008;Île-de-France;Île-de-France;91;Essonne;1;1 314;380;75;78;89;0;13;864;1 674;504;1 178;5 789;368;3 558;0;9 292;0;11;26 040;17 170;0;7 412;0;29;0;88;86;63 968;2 448;28;2 476;66 444;5 043;5;4;6;0;5 058;592;665;0;85;0;1 342;2 276;39;26;733;0;3 074;142;50;1 149;5 005;204;71;5;26;45;6;2 801;9 454;12 528;91 161
2008;Île-de-France;Île-de-France;95;Val-d'Oise;1;1 436;262;17;156;74;6;6;2 271;1 512;100;498;6 076;0;7 089;0;13 250;0;0;11 940;13 744;0;14 634;2 525;12;0;616;97;63 810;3 228;2 013;5 241;69 051;4 835;8;5;4;0;4 852;861;443;653;55;0;2 012;653;2 007;9;676;26;3 371;0;0;5 235;0;27;27;33;270;89;0;2 120;7 801;11 172;93 163
2008;Antilles;Guadeloupe;971;Guadeloupe;3;;;;;;;;;;;;;;;;;;;;;;;;;;;;;;;;;;;;;;;;;;;;;;;;;;;;;;;;;;;;;;;;
2008;Antilles;Martinique;972;Martinique;4;228;0;0;27;22;3;0;85;238;585;257;1 445;226;1 517;501;3 224;3;80;10;8 927;12;6 286;0;2;35;292;0;21 115;0;11;11;21 126;2 797;0;0;25;0;2 822;53;56;0;17;0;126;85;65;8;316;0;474;1;0;61;0;93;21;14;0;93;0;0;283;757;26 276
2008;Guyane;Guyane;973;Guyane;5;125;0;11;0;0;0;2;303;121;1 704;184;2 450;55;333;211;1 899;2;149;2 144;774;1 172;1 127;130;3;9;88;0;8 096;0;12;12;8 108;1 888;0;0;10;0;1 898;0;0;0;0;0;0;10;31;128;20;110;299;20;0;232;2 440;58;179;3;1;67;0;1 679;4 679;4 978;17 434
2008;Océan indien;Réunion;974;Réunion;2;466;0;4;200;54;0;0;661;589;2 773;807;5 554;226;263;5 858;6 027;5;411;123;10 066;270;5 099;529;101;150;560;0;29 688;70;76;146;29 834;4 619;0;0;0;0;4 619;0;0;181;18;0;199;97;15;1 356;308;16;1 792;284;0;122;320;9;0;6;0;0;0;35;776;2 568;42 774
